iter,time,reward,steps,convergence,policy
1,20.028159000005985,-6220.0,6322.0,25.038
2,8.704748999988965,-1692.0,1794.0,39.7568438
3,12.599300000005087,-561.0,663.0,54.27760030231677
4,7.1675660000067865,-3164.0,3266.0,71.09759693255478
5,1.7313040000033197,-667.0,769.0,87.53949346441652
6,3.3715099999938047,-318.0,420.0,103.48911565299372
7,12.119839999996884,-1440.0,1542.0,113.60780792138965
8,12.863831000004211,-11.0,113.0,126.52717703135826
9,8.193360000007033,-150.0,252.0,142.68885292388717
10,10.794918000001985,-849.0,951.0,157.99480767251302
11,28.240921000005414,-495.0,597.0,156.04475868791695
12,18.124532000001636,-305.0,407.0,157.10464574753658
13,6.310148999986609,-636.0,738.0,158.86412837287236
14,12.378585999996972,-212.0,314.0,158.49405927575745
15,16.919850999997266,-2094.0,2196.0,157.4841345999563
16,2.1237999999925705,-2801.0,2903.0,149.60273845670608
17,5.814511999986394,-140.0,242.0,155.73936342739293
18,3.3342389999972966,-661.0,763.0,158.97797953776978
19,4.175673000005986,-797.0,899.0,157.4915435125825
20,6.268250999994507,-681.0,783.0,157.69031120203977
21,6.766826000003334,-73.0,175.0,159.08556205614263
22,0.7474370000011277,45.0,57.0,158.6721492636406
23,1.3962109999994254,-11957.0,12059.0,155.62850342980593
24,3.3945219999935716,9.0,93.0,148.69964891510514
25,1.0377809999937426,-209.0,311.0,145.89121635743987
26,0.5823820000045998,-33.0,135.0,153.28580727828248
27,0.4559079999921778,-424.0,526.0,148.82955458497352
28,0.7071229999979778,34.0,68.0,145.2803418725709
29,0.5798880000043027,-5.0,107.0,140.78931884233697
30,0.5293170000015834,32.0,70.0,137.772443754013
31,0.5562930000024835,39.0,63.0,138.81037050321245
32,0.39846399999987625,9.0,93.0,125.47549955697461
33,0.47371700000553574,48.0,54.0,115.11741722303388
34,0.30076799998823844,-2.0,104.0,105.93427681789865
35,0.7212990000056152,60.0,42.0,95.94367415811212
36,0.6371469999919555,7.0,95.0,82.14756131137639
37,0.3816770000071301,38.0,64.0,76.0003468439559
38,0.6728750000064565,-32.0,134.0,77.48433420024446
39,0.5330500000013672,71.0,31.0,67.94744895673844
40,0.5776040000000648,-75.0,177.0,65.79539228521368
41,0.6588220000054434,-43.0,145.0,65.19113376793703
42,0.23227500000189139,64.0,38.0,75.92449275965399
43,0.42170800000462805,61.0,41.0,73.15080474939872
44,0.44465099999513313,53.0,49.0,72.56469695092798
45,0.6100880000019515,-82.0,184.0,73.88554319631258
46,0.8585250000123779,24.0,78.0,71.94167124065824
47,0.6784629999998515,-171.0,273.0,66.61102388041283
48,0.4471769999980779,-18.0,120.0,52.765783648284085
49,1.049234999996429,46.0,56.0,52.407565031124435
50,0.4132239999989906,68.0,34.0,53.68806377049994
51,0.5151339999969196,-16.0,118.0,38.7557718484927
52,1.0258520000121507,-4.0,106.0,26.182900884732913
53,0.7965859999927716,21.0,81.0,25.8766329938921
54,0.41363900000135345,-1.0,103.0,26.25793257268586
55,0.3035390000007965,49.0,53.0,22.260351864161663
56,0.391386999993415,36.0,66.0,22.113533350201987
57,0.501647999996635,50.0,52.0,21.531652774278005
58,0.5114040000080422,65.0,37.0,21.186089425352595
59,0.5114189999915197,65.0,37.0,20.399263710537276
60,0.46743700001172783,-49.0,151.0,8.904712444688082
61,0.5394030000047678,21.0,81.0,8.770694901805252
62,0.4064270000014858,-40.0,142.0,9.40448713012399
63,0.4790009999879885,45.0,57.0,10.502532817739805
64,0.615893000002643,46.0,56.0,10.64179777772848
65,0.5035860000077719,-48.0,150.0,20.897727154935033
66,0.4863569999997708,56.0,46.0,21.0489898180519
67,0.47162200000627763,61.0,41.0,20.85847774636577
68,0.40239100000860617,65.0,37.0,21.072632815085893
69,0.28041199999506716,48.0,54.0,21.435910544132163
70,0.39267300000744854,66.0,36.0,32.49003958391289
71,0.38572100000067167,60.0,42.0,45.07174628489101
72,0.3638459999990573,4.0,98.0,43.87740119594808
73,0.27989499999137024,39.0,63.0,42.62632366945164
74,0.2383159999936879,59.0,43.0,42.68213458605455
75,2.9732659999979205,22.0,80.0,32.38956635949636
76,0.4686179999993101,-12.0,114.0,32.55213721636036
77,0.3015240000081576,48.0,54.0,43.44728808860011
78,0.40855899999314715,-31.0,133.0,43.2299019444834
79,0.7013480000068739,-47.0,149.0,54.83396343170491
80,0.9556090000018003,-78.0,180.0,56.57476780475196
81,0.4618229999948653,-6.0,108.0,43.943776793918644
82,0.5128580000075544,3.0,99.0,44.32423322400689
83,0.9412140000080171,5.0,97.0,44.68637718906157
84,0.6928290000018933,-669.0,771.0,56.472633060563204
85,0.6133280000000241,59.0,43.0,56.70433737512659
86,0.54918499999701,-171.0,273.0,56.91062001247428
87,0.6471199999964483,-64.0,166.0,46.764370626908466
88,0.7661309999917876,59.0,43.0,55.97942438004837
89,1.7475200000092173,24.0,78.0,44.393491665996464
90,4.19162299999698,-264.0,366.0,31.7890871867457
91,1.302387999999155,-34.0,136.0,32.46832203423163
92,1.3549239999974816,38.0,64.0,32.33387332370721
93,5.011639999992212,-192.0,294.0,32.66686511820319
94,2.568572000001268,-204.0,306.0,20.722512443624694
95,1.3179829999927506,-1008.0,1110.0,20.545576922125655
96,0.7545379999953639,0.0,102.0,20.548510749091623
97,0.8103280000000268,61.0,41.0,20.044110718052202
98,2.5148130000047786,7.0,95.0,11.085055296131742
99,0.811675999997874,15.0,87.0,21.911110146478983
100,0.4484979999972438,-1.0,103.0,22.198207640544858
101,0.38169199999060766,-27.0,129.0,21.730423694320212
102,0.405483000008644,30.0,72.0,21.973369182706712
103,0.5208129999942912,-44.0,146.0,21.621380766755003
104,0.6558329999961643,-31.0,133.0,21.346932562597818
105,0.5898499999972273,32.0,70.0,21.39318050440047
106,0.56938400000206,-23.0,125.0,21.32721926032037
107,0.4791210000121282,10.0,92.0,21.358221269596832
108,0.5108350000000428,-46.0,148.0,21.68512247296356
109,0.6645079999998416,-21.0,123.0,10.742458636598766
110,0.5982139999929359,25.0,77.0,10.31666670764794
111,0.40924299999289815,34.0,68.0,10.292872389888595
112,0.24837799999488652,64.0,38.0,9.717247418045847
113,0.30761600000062117,47.0,55.0,9.320977658260123
114,0.4659379999907287,29.0,73.0,9.315087007129453
115,0.37732300000925534,62.0,40.0,9.054041494139065
116,0.5035109999909082,-2.0,104.0,8.914204510439523
117,0.42189500000233693,36.0,66.0,24.72846135006231
118,0.3986070000081554,52.0,50.0,23.978825499675672
119,0.3972570000030373,-9.0,111.0,24.265370550576
120,0.5261139999959141,-461.0,563.0,24.17805153290966
121,0.39898899999002424,-38.0,140.0,24.285710496888488
122,0.3874100000018643,-18.0,120.0,24.395658703277977
123,0.8307500000057644,70.0,32.0,24.869853565265863
124,0.303995999999529,15.0,87.0,24.90400536124577
125,0.3572149999939711,48.0,54.0,25.530891395676015
126,0.3412300000036339,-17.0,119.0,38.448262194217776
127,0.5986869999929922,10.0,92.0,22.928087624616786
128,0.3011800000081166,18.0,84.0,23.428876033281295
129,0.3527399999967429,43.0,59.0,23.40476008272379
130,0.26268199999890385,35.0,67.0,22.762401212974233
131,0.4801670000063041,53.0,49.0,22.654816672296278
132,0.37133200000027955,24.0,78.0,22.845645827622093
133,0.500223000003075,46.0,56.0,22.682274190329803
134,0.4059810000001107,-39.0,141.0,22.696967559246023
135,0.31566599999166556,54.0,48.0,21.995453577650583
136,0.35646899999619563,57.0,45.0,8.815878442455377
137,0.3135660000026519,-69.0,171.0,8.429212338872036
138,0.28787699999099914,61.0,41.0,7.825586300737582
139,0.4475530000007666,15.0,87.0,8.181090511702418
140,0.23088500000767453,54.0,48.0,8.329115763039441
141,0.41436099999714315,-73.0,175.0,23.6122337976523
142,0.7926409999896578,21.0,81.0,23.290046797683836
143,0.5206189999995559,46.0,56.0,23.132949600694218
144,0.513263999991409,56.0,46.0,22.823215190841715
145,0.4419579999961343,-22.0,124.0,22.899513683793774
146,0.8615010000028178,32.0,70.0,22.913286815371453
147,0.5519439999943643,32.0,70.0,23.300555305848146
148,0.41197199999487566,-1.0,103.0,33.007211486600724
149,1.3987190000079863,39.0,63.0,32.769107915353416
150,0.9380070000020169,-46.0,148.0,33.28289177723004
151,0.49937499998975454,5.0,97.0,17.60059268537011
152,0.426161999996566,24.0,78.0,18.133062068001113
153,0.6351079999973308,-28.0,130.0,18.71356800159459
154,0.5808060000020987,60.0,42.0,18.62135214826957
155,0.4337689999971417,29.0,73.0,18.804821131368545
156,0.45534600000962655,39.0,63.0,19.03352053046957
157,0.589720999997212,11.0,91.0,18.72499211566806
158,0.32995600000162995,-34.0,136.0,9.474385014595285
159,0.41784699999425357,-7.0,109.0,9.007354912099078
160,0.3834150000017189,43.0,59.0,8.756938911661509
161,0.8046170000000075,-8.0,110.0,9.30575604961857
162,1.0769629999884955,-784.0,886.0,9.454788531091442
163,0.4698599999954922,-777.0,879.0,9.570472404870468
164,0.7333549999941624,33.0,69.0,10.489760214431525
165,0.47610200000747227,-25.0,127.0,11.052332907800608
166,0.6022190000010141,-205.0,307.0,11.684078046672248
167,0.5880190000056018,-11.0,113.0,12.659571158309683
168,0.8896000000078175,-188.0,290.0,27.590403930595244
169,0.6740689999986671,39.0,63.0,39.312761689429465
170,0.29698699999869405,-568.0,670.0,39.3004532178135
171,0.5600060000006124,-54.0,156.0,39.47508862304003
172,0.3830130000039844,-6.0,108.0,39.2015044482228
173,0.6980140000081292,17.0,85.0,38.9950588174403
174,0.47692000001120505,40.0,62.0,38.43850205395903
175,0.9772459999908278,-26.0,128.0,39.18895548321119
176,0.5910950000043158,38.0,64.0,38.91737947840588
177,0.5641000000053964,-132.0,234.0,38.33977516320385
178,0.5169299999892019,-834.0,936.0,23.499457579577435
179,0.660355999997364,-23.0,125.0,12.469043755792159
180,0.3601389999943194,30.0,72.0,12.424108698400577
181,0.3163389999940591,-305.0,407.0,11.86103018483836
182,0.3385819999977002,69.0,33.0,11.925748209312752
183,0.5207549999965977,56.0,46.0,11.608053583686784
184,0.5796329999867567,48.0,54.0,12.049684907675568
185,0.36797600000681996,45.0,57.0,10.8591620789786
186,0.5401100000028691,-102.0,204.0,11.242270579876834
187,0.4680869999873494,-1027.0,1129.0,11.076772693672293
188,0.5824659999973392,-1.0,103.0,10.814956637972415
189,0.31806800001277225,28.0,74.0,10.666257268586255
190,0.5744489999983671,2.0,100.0,21.818532515091334
191,0.9367349999962471,-166.0,268.0,32.554066698130555
192,0.9844579999906955,-162.0,264.0,32.550574962935826
193,0.4210480000068628,47.0,55.0,32.56987779613961
194,0.45038500000771364,-246.0,348.0,32.54753094909605
195,0.3802980000102707,-341.0,443.0,32.54926312263932
196,0.4819239999989122,-10.0,112.0,31.6805126460267
197,0.4770719999953599,18.0,84.0,41.4778468681606
198,0.6127910000088832,-138.0,240.0,41.71997765927467
199,0.44979100000830385,-103.0,205.0,41.13596829057374
200,0.5065259999952332,-13.0,115.0,29.790561806399165
201,0.3951220000004696,-37.0,139.0,19.113768974528227
202,0.5121599999995397,-9.0,111.0,19.157502898621864
203,0.5379119999986415,8.0,94.0,19.324183351808095
204,0.39846399999987625,41.0,61.0,18.88429441217071
205,0.47752099999343045,9.0,93.0,18.844324767685055
206,0.32159500000261687,57.0,45.0,19.29168737031222
207,0.3343910000097594,67.0,35.0,9.098492492990582
208,0.22051100000908264,62.0,40.0,8.980844215340296
209,0.3436829999969859,64.0,38.0,9.137155322942892
210,0.3948570000034124,-49.0,151.0,9.50983898219412
211,1.0108580000007805,24.0,78.0,9.349818218088142
212,0.37094500000023345,29.0,73.0,9.220558396174436
213,0.4426670000015065,37.0,65.0,9.727460827383993
214,0.5150430000071538,36.0,66.0,9.984166700764945
215,0.690653999996016,-1924.0,2026.0,10.207545392452872
216,0.6520880000095985,-150.0,252.0,10.498914706817107
217,0.9749940000034485,-46.0,148.0,11.041216584488852
218,0.3554040000040004,69.0,33.0,11.130600753636598
219,0.3606940000082659,-27.0,129.0,11.123416676574235
220,0.6080150000116191,36.0,66.0,11.033263298285979
221,0.30053799999052444,-124.0,226.0,11.091916552191549
222,0.5072280000035789,30.0,72.0,10.869148938288365
223,0.43074399999909474,37.0,65.0,10.396119766983983
224,0.6688859999997021,-37.0,139.0,10.364497592335223
225,0.4157240000068896,-26.0,128.0,10.432878827475156
226,0.502730999997425,65.0,37.0,9.914989886601608
227,0.40798800000629853,-11.0,113.0,10.149507122393237
228,0.2936429999920165,24.0,78.0,9.995015668019175
229,0.427284000011241,4.0,98.0,10.399518640490612
230,0.3004449999934877,18.0,84.0,10.638371498652258
231,0.8154799999999796,-29.0,131.0,11.08583810903831
232,0.3752629999951296,23.0,79.0,11.758430093101463
233,0.4211779999963028,-9.0,111.0,11.590870995196692
234,0.356762999999205,49.0,53.0,11.435779476792414
235,0.43663399999616104,27.0,75.0,11.047727049234965
236,0.8442120000040632,33.0,69.0,10.841320390672232
237,0.47782000000040625,21.0,81.0,10.31186647862844
238,0.4016739999883612,32.0,70.0,9.991637623568842
239,0.4443750000007185,12.0,90.0,9.45925571031287
240,0.7138170000047239,-309.0,411.0,9.47891813180088
241,0.7097750000042424,20.0,82.0,9.89529530482388
242,0.5063270000107423,-8.0,110.0,9.733170430865645
243,0.42717600000230505,45.0,57.0,9.589477759619722
244,0.5247450000069875,27.0,75.0,9.434694108780999
245,0.816446000001747,-1.0,103.0,9.87127361676335
246,0.5955139999969106,-985.0,1087.0,9.906332624254475
247,0.6283729999978505,-17.0,119.0,10.104785981361294
248,0.4009769999981927,-8.0,110.0,11.644778493977293
249,0.4495839999947293,33.0,69.0,12.220268866886723
250,0.29496999999878426,-25.0,127.0,12.259624480337648
251,0.5885360000092987,-13.0,115.0,11.62265836223899
252,0.652275999996732,60.0,42.0,11.321037331076003
253,0.7552889999971057,-117.0,219.0,11.492032861559668
254,0.38685399999849324,-12.0,114.0,11.501398714445168
255,0.5268859999887354,-29.0,131.0,10.893704297138509
256,0.8194699999961585,-71.0,173.0,11.52330162720014
257,0.3021140000072364,-222.0,324.0,11.341218989019957
258,0.5833209999934752,-46.0,148.0,10.049502376853106
259,0.4811719999935349,11.0,91.0,9.367034310292643
260,0.5479009999902473,-42.0,144.0,9.044458443391198
261,0.5885429999921143,-81.0,183.0,9.180416330634205
262,0.7836999999994987,26.0,76.0,9.24893109858995
263,0.4627739999989444,60.0,42.0,9.271477989863078
264,0.37383699999793407,66.0,36.0,9.582042560909445
265,0.2846219999952382,60.0,42.0,9.823257543868056
266,0.3469579999944017,71.0,31.0,9.703408799433046
267,0.3988819999989346,-29.0,131.0,9.953551103080091
268,0.3563109999902281,47.0,55.0,9.83526443074772
269,0.5390099999971198,60.0,42.0,10.609611565788214
270,0.3238759999959484,75.0,27.0,10.76217528215217
271,0.3661370000003217,6.0,96.0,11.001266297994894
272,0.22067199999753484,64.0,38.0,11.312072855862997
273,0.4466150000013158,-187.0,289.0,11.426443615229866
274,0.8683239999953685,-121.0,223.0,11.256473079741346
275,0.694962000011401,-133.0,235.0,11.082560427122477
276,0.5588399999965077,55.0,47.0,10.552317914430086
277,0.6733949999926381,-44.0,146.0,10.610059460569639
278,0.561887999992905,-10.0,112.0,11.026553620918136
279,0.5419220000106861,35.0,67.0,11.061066799482276
280,0.5879320000019561,-56.0,158.0,11.002593884095173
281,0.49618100000259346,-53.0,155.0,10.876451538757138
282,0.4226209999984576,2.0,100.0,10.871024019206576
283,0.5176850000054856,31.0,71.0,10.790571289362054
284,0.5752889999968147,53.0,49.0,10.519363350621626
285,0.5484809999956042,-140.0,242.0,10.703190055687488
286,1.9481210000122928,-71.0,173.0,10.716917377659552
287,0.7408399999917492,-324.0,426.0,10.470127771034154
288,0.5273759999937511,0.0,102.0,9.864760816865365
289,0.5443339999970931,59.0,43.0,9.265117064368894
290,0.2527430000043296,-11.0,113.0,8.92511859941859
291,0.2296299999926532,44.0,58.0,8.79144652750905
292,0.5983200000088118,36.0,66.0,8.546590405205093
293,0.3394440000050736,16.0,86.0,8.349050566519391
294,0.5639520000073617,25.0,77.0,8.264620808945361
295,0.7523050000060039,55.0,47.0,8.255563757426346
296,1.5119030000079192,59.0,43.0,9.57937298239662
297,0.4854590000036296,68.0,34.0,9.405442973151558
298,0.4573750000105292,69.0,33.0,9.971319800084409
299,0.6027710000040543,-63.0,165.0,10.092596942809294
300,0.4507640000070978,-92.0,194.0,10.32627420611259
301,0.42165600000032555,41.0,61.0,10.134272821339096
302,0.49431899999774487,18.0,84.0,10.163435843452163
303,0.5087309999964873,65.0,37.0,9.906318548156436
304,0.782050000012191,-46.0,148.0,10.30660747502742
305,0.3880139999949961,14.0,88.0,10.550895104804999
306,0.7850490000009813,58.0,44.0,9.265291968339875
307,0.9062350000021979,13.0,89.0,9.381572443569196
308,0.893754000003355,60.0,42.0,9.273990009250458
309,1.1498209999984965,-24.0,126.0,9.510885310457624
310,0.4836260000047332,12.0,90.0,9.788884524236476
311,0.8120689999913111,-1007.0,1109.0,9.939719845295324
312,0.7051470000050131,-45.0,147.0,10.053293041952907
313,0.8512619999976323,65.0,37.0,10.833301029488458
314,0.5414780000023711,-38.0,140.0,11.206814404280035
315,0.36015499999564327,32.0,70.0,10.982078788014489
316,0.3218000000089205,56.0,46.0,11.239516285092986
317,0.5498940000023822,46.0,56.0,21.82409094249439
318,0.4570629999989251,59.0,43.0,22.058131118936522
319,0.6749180000014121,10.0,92.0,21.709248786339025
320,0.47824799999318657,8.0,94.0,21.407169412673582
321,0.31971099998884256,48.0,54.0,21.36237032851647
322,0.35957599999392187,35.0,67.0,21.433507626903175
323,0.28241900000125497,60.0,42.0,21.04833565816899
324,0.342871000000855,51.0,51.0,20.568215616139533
325,0.29503700000077515,29.0,73.0,20.33421143585099
326,0.6275859999931299,53.0,49.0,20.523400986620253
327,0.5026210000096398,-3.0,105.0,9.856959029719462
328,0.43040299999574927,-40.0,142.0,9.599450958300263
329,0.3943159999977297,-2.0,104.0,9.67764524822839
330,0.5633319999986952,-46.0,148.0,9.747141693027416
331,0.4554679999984046,62.0,40.0,9.793602148007853
332,0.8260569999976042,52.0,50.0,9.383818781287633
333,0.5987610000062205,18.0,84.0,9.431425788161079
334,0.39229400000806436,69.0,33.0,9.201646704851816
335,0.2567880000015066,-194.0,296.0,9.621078365751703
336,0.4622489999945856,-78.0,180.0,9.640718860598792
337,0.4236249999962638,45.0,57.0,9.496413576176248
338,0.43161099999622365,-33.0,135.0,9.491021017058866
339,0.8135939999931452,55.0,47.0,9.402489050171273
340,0.6795049999936964,-34.0,136.0,9.46340087550334
341,0.4163819999973839,31.0,71.0,9.194417313441585
342,0.40945299998895734,-47.0,149.0,9.22597250377143
343,0.6771350000036591,-74.0,176.0,20.23587718304406
344,0.32698200000425004,14.0,88.0,20.5449132318544
345,0.20098599999585076,57.0,45.0,20.304573438221208
346,0.48615999999412907,26.0,76.0,20.312849766157182
347,0.3935130000058962,-76.0,178.0,20.412766720479024
348,0.4910330000029717,57.0,45.0,20.237069374198903
349,0.6866389999942157,5.0,97.0,20.521696421300412
350,0.3886180000023387,13.0,89.0,20.270642174514542
351,0.6888760000123284,34.0,68.0,20.425633893015277
352,0.5946789999882185,-138.0,240.0,20.225576389398093
353,0.3013990000084732,22.0,80.0,8.800694214069566
354,0.33364300000471303,-334.0,436.0,8.709184532988068
355,0.4977379999928644,16.0,86.0,8.741667098855526
356,0.48876399999642217,48.0,54.0,8.361287357729832
357,0.3393249999987802,-216.0,318.0,8.351312972988115
358,0.9087210000018331,6.0,96.0,8.547662363177409
359,0.6921350000084203,20.0,82.0,8.260899541877153
360,0.8988410000085878,35.0,67.0,8.508274580268301
361,0.5926280000068118,-482.0,584.0,8.510562843515462
362,0.5176459999916005,29.0,73.0,9.121749566337423
363,0.4018709999940029,66.0,36.0,9.221315283882449
364,0.4344230000015159,-13.0,115.0,9.172157398888936
365,0.6504860000120516,52.0,50.0,9.34508905588644
366,0.46463299999288665,-344.0,446.0,9.20307247769767
367,0.3663520000003473,11.0,91.0,9.472206218389807
368,0.31076199999802157,58.0,44.0,9.171620540689151
369,0.43626499999049884,-1510.0,1612.0,9.565626199779816
370,0.759982000005266,54.0,48.0,9.288469427618661
371,0.3995449999933953,-133.0,235.0,9.20368013923584
372,0.4633949999970355,-56.0,158.0,8.826195214455119
373,0.4102549999913663,68.0,34.0,8.678515827474323
374,0.3171620000017583,51.0,51.0,8.501322147798394
375,0.3327130000059242,18.0,84.0,8.011161241077335
376,0.2920029999984308,65.0,37.0,8.17995485766225
377,0.31849900000224807,72.0,30.0,8.277652078429034
378,0.46479299999191426,57.0,45.0,8.407549405816779
379,0.47794500000009066,33.0,69.0,7.915513485653335
380,0.33833000000527136,59.0,43.0,8.035713658201871
381,0.260942000011255,29.0,73.0,7.9889301260294925
382,0.84594199999799,-37.0,139.0,7.856717583545395
383,0.6867880000100968,21.0,81.0,8.235670553640372
384,0.6308009999997921,-65.0,167.0,8.314056295873986
385,0.9462040000016714,57.0,45.0,8.62741910647021
386,0.8215889999974024,37.0,65.0,8.316780243215668
387,1.0349889999901052,51.0,51.0,8.105730865265866
388,0.6431790000078763,1.0,101.0,8.259941342940682
389,1.5635569999972176,-5.0,107.0,8.570360529931559
390,0.8200080000051457,-8.0,110.0,8.752458773409787
391,0.5702079999991838,52.0,50.0,9.1510395076228
392,0.8960529999910705,44.0,58.0,9.215911183842778
393,0.6939259999967362,71.0,31.0,8.904884675606406
394,0.9047029999891265,-9.0,111.0,8.887592810972215
395,0.7093370000035293,31.0,71.0,8.648904258604116
396,1.1069480000003296,-120.0,222.0,8.635664421647238
397,1.8562380000020084,-77.0,179.0,8.516800141318205
398,0.5337179999997943,-8.0,110.0,14.697933243360405
399,0.5280809999987923,16.0,86.0,14.627502797669559
400,0.5542199999979402,28.0,74.0,14.357915395514373
401,0.4663099999930864,16.0,86.0,14.012833263671405
402,0.47626600000683084,-261.0,363.0,14.227352988390834
403,0.3811750000011216,29.0,73.0,14.261207824164819
404,0.5583309999934727,38.0,64.0,14.091694649851878
405,0.38522600000590046,55.0,47.0,14.507060830878299
406,0.44807199999752356,69.0,33.0,14.589332414363444
407,0.4825049999936937,-15.0,117.0,14.467717828009555
408,0.47539099999482914,-161.0,263.0,8.05940479138789
409,0.36296000000390904,37.0,65.0,7.806447051371903
410,0.35754200000326364,-14.0,116.0,7.769057726183402
411,0.546447000004946,33.0,69.0,7.890578223113977
412,0.39993400000071233,-127.0,229.0,7.683678183971797
413,0.40126500000781107,-512.0,614.0,7.850336705702742
414,0.545310999996218,52.0,50.0,8.337173559010944
415,0.7774440000076766,-290.0,392.0,8.10755637898944
416,0.4480679999971926,63.0,39.0,8.181238865730117
417,0.33363999999380667,17.0,85.0,8.347534968156388
418,0.34807299999783936,22.0,80.0,8.305957158926736
419,1.1840079999956288,-333.0,435.0,8.441428702813973
420,0.8024729999931424,55.0,47.0,8.51725422326199
421,0.3232189999948787,62.0,40.0,8.487721130617023
422,0.3906139999969582,-16.0,118.0,8.332279775634294
423,0.521585999990748,42.0,60.0,8.418491934135508
424,0.8363339999988284,-15.0,117.0,8.48513635489418
425,0.42642700000783407,-24.0,126.0,8.330666334385565
426,0.3311979999978121,-76.0,178.0,8.458564406113291
427,0.3993000000122038,66.0,36.0,8.376216315026026
428,0.32485500000234424,11.0,91.0,8.385551190255537
429,0.23601299999143066,-1454.0,1556.0,8.240962678591675
430,0.5712339999917049,-16.0,118.0,8.456833552403646
431,0.34600700000453344,10.0,92.0,8.203457898730056
432,0.3486880000025394,-114.0,216.0,8.296644168850731
433,0.5976899999922125,-187.0,289.0,8.305208359521785
434,0.6069359999969492,-31.0,133.0,8.368709437910397
435,0.6817049999909841,-64.0,166.0,8.473570267628165
436,0.345781999996575,51.0,51.0,8.153098336036985
437,0.2910959999979923,12.0,90.0,8.208730104417238
438,0.32155200000261175,59.0,43.0,8.04433993255995
439,0.5214549999976725,43.0,59.0,8.405811363202
440,0.3465359999950124,-176.0,278.0,8.108291717450435
441,1.1104109999990897,37.0,65.0,8.044356954740051
442,1.7445399999900246,54.0,48.0,8.212301021739563
443,0.7152369999943176,73.0,29.0,8.019578820245798
444,0.5046469999996361,-6.0,108.0,7.531469375543646
445,0.49076300000194806,-63.0,165.0,7.417001327774993
446,0.4965589999983422,26.0,76.0,7.865885528199823
447,0.5869630000034931,39.0,63.0,8.079104163246082
448,0.3753729999971256,7.0,95.0,8.241835419790497
449,0.5329239999980473,47.0,55.0,7.767227565706219
450,0.41235599999822625,20.0,82.0,7.991815117994712
451,0.7137960000136445,-47.0,149.0,8.358661911205774
452,0.44019499999592426,52.0,50.0,8.287243377814608
453,0.6135229999983949,22.0,80.0,8.627665842694357
454,0.43431100000645984,30.0,72.0,9.093240342223927
455,0.3563909999968473,60.0,42.0,9.377657613554074
456,0.804207000001611,6.0,96.0,9.048307624031438
457,0.3666770000023689,34.0,68.0,8.870965790239595
458,0.4366550000014513,-237.0,339.0,8.991872678607672
459,0.5738569999920173,6.0,96.0,9.367082375377326
460,3.6438469999922063,41.0,61.0,9.370377417531433
461,0.9208150000006299,64.0,38.0,9.394635271738302
462,0.6798609999947303,36.0,66.0,9.115377539803465
463,0.710054999998988,-6.0,108.0,9.146532303931622
464,0.8068559999969693,27.0,75.0,9.35371630335067
465,1.023086000003559,38.0,64.0,9.211113611896243
466,1.265266000004317,1.0,101.0,9.715119867442738
467,0.7422400000081097,23.0,79.0,10.063689670289651
468,0.35730300000125226,62.0,40.0,10.328140386260333
469,0.2559069999961139,16.0,86.0,10.097871654175467
470,0.2955740000061269,47.0,55.0,9.849909879560586
471,0.4026179999954138,54.0,48.0,9.754292703409295
472,0.4039000000091164,7.0,95.0,9.756655763877143
473,0.43957200000477314,64.0,38.0,9.592063034549161
474,0.2680699999899616,2.0,100.0,8.865869461960866
475,0.5679239999949459,56.0,46.0,8.661424315145606
476,0.3398809999879404,67.0,35.0,8.097558816170283
477,0.4953910000011774,48.0,54.0,7.810870578645049
478,1.1089189999893279,40.0,62.0,7.615990053183995
479,0.6043929999890452,-29.0,131.0,7.99620150936138
480,0.3266070000051968,35.0,67.0,8.14758967050785
481,1.3203020000105425,37.0,65.0,8.547719882036121
482,0.45221300000264364,54.0,48.0,9.060233097356667
483,0.6841229999992038,62.0,40.0,9.041237464837597
484,0.5208630000055336,56.0,46.0,9.015079273851196
485,0.4272879999973611,61.0,41.0,9.712160566235166
486,1.3730629999884059,32.0,70.0,9.791352032348417
487,0.8593730000114874,42.0,60.0,9.530634961970218
488,1.2712300000004007,-1557.0,1659.0,9.593103784800434
489,0.3839019999958282,33.0,69.0,9.417526466183476
490,0.32748200000298766,44.0,58.0,9.253875514370792
491,0.40342799999848467,40.0,62.0,8.95774311062507
492,0.9420740000081196,-120.0,222.0,9.180999899588745
493,0.7074070000072652,-12.0,114.0,8.873735854510105
494,0.4430960000121331,59.0,43.0,9.200777896222856
495,0.29978899999605346,60.0,42.0,8.59538064656741
496,0.3411359999887509,-39.0,141.0,8.830460948314968
497,0.7383609999891405,61.0,41.0,14.84408388257383
498,0.9115659999991976,-314.0,416.0,14.657822898685106
499,0.9854079999911391,0.0,102.0,14.428683787295762
500,0.5491029999973307,-52.0,154.0,14.555668391850968
501,2.3694250000119155,-415.0,517.0,14.559969948770643
502,0.9399500000029093,42.0,60.0,14.139775018141597
503,5.963502000000176,-22.0,124.0,14.288449794751324
504,0.5764529999936485,-173.0,275.0,14.150916951671405
505,1.8122629999908213,-72.0,174.0,14.111821913268619
506,1.848418000008678,-14.0,116.0,13.976422323746789
507,2.224147999996262,62.0,40.0,8.041375498226774
508,1.3356329999965055,72.0,30.0,8.084172726076018
509,1.521561999993537,-121.0,223.0,8.406513939549702
510,1.1057020000038165,-349.0,451.0,8.354357790249708
511,1.540915999996173,19.0,83.0,8.533836722990376
512,0.6129220000019586,-65.0,167.0,8.392433030975045
513,0.4374149999932797,18.0,84.0,8.540286051995642
514,0.4859310000000505,-97.0,199.0,8.443849626016538
515,1.795095000005631,-4273.0,4375.0,8.69885376844498
516,0.5420250000014448,-28.0,130.0,8.954599630388106
517,0.4980920000008382,-70.0,172.0,9.303580528621577
518,0.5066610000028504,47.0,55.0,9.481251469215483
519,0.4535059999994928,56.0,46.0,9.52153637260276
520,0.4387099999973998,-460.0,562.0,9.750332692864045
521,0.9864849999985381,-94.0,196.0,9.483527934123156
522,1.8378249999955187,-63.0,165.0,9.691832128871624
523,1.3534050000032494,-22.0,124.0,9.573049723272018
524,1.0128110000096058,10.0,92.0,9.736193756860201
525,1.8841069999950832,20.0,82.0,9.619357895546887
526,0.9691879999991215,-46.0,148.0,9.249210479546571
527,1.7491720000037958,27.0,75.0,19.213046018157407
528,0.5955580000005511,-50.0,152.0,19.422833759642614
529,1.0106080000014117,-166.0,268.0,19.244998732011773
530,0.8464800000069772,-34.0,136.0,19.590706242366373
531,0.46131800000637213,13.0,89.0,19.588316716737936
532,0.35485300000459574,69.0,33.0,19.8920244207849
533,0.44064899999796125,3.0,99.0,20.144463978991517
534,0.29211300000042684,58.0,44.0,19.963637160313205
535,0.5611590000000888,65.0,37.0,20.299995556408778
536,0.2847169999995458,58.0,44.0,20.334539010878206
537,1.0571739999960528,11.0,91.0,10.455079714003643
538,0.3380219999939982,-4.0,106.0,9.869329017928859
539,0.7144620000048008,42.0,60.0,10.287539638487196
540,3.0108710000007477,-50.0,152.0,9.806389673376012
541,1.380132000008416,29.0,73.0,10.045771019717218
542,1.3777110000035009,3.0,99.0,9.749082078760589
543,0.7399610000078383,-50.0,152.0,9.502300353112158
544,0.4732429999876331,-112.0,214.0,9.557339703899455
545,0.8541309999969826,-363.0,465.0,9.232424755999437
546,0.4780409999938229,-17.0,119.0,9.396260434344606
547,0.567455999998856,-72.0,174.0,9.122946507550878
548,0.577694000000406,74.0,28.0,9.321013676882796
549,0.49146199999938744,16.0,86.0,8.747881927749502
550,0.7304649999895219,43.0,59.0,8.735943081179146
551,0.5122839999955886,63.0,39.0,9.18244988595768
552,0.35477199999434106,56.0,46.0,8.825703576782882
553,1.3573559999997542,40.0,62.0,8.671901020891257
554,0.8196919999932106,49.0,53.0,8.67970974437952
555,1.300063000002183,21.0,81.0,8.56499519411035
556,0.7138490000073716,1.0,101.0,8.594012847309955
557,0.5976529999998093,-16.0,118.0,8.528428937982167
558,0.7678750000081891,-11.0,113.0,8.498631070932003
559,4.379254999989257,-42.0,144.0,8.764285535958201
560,0.6299270000056367,-15.0,117.0,8.944222263330545
561,0.8967820000123083,63.0,39.0,8.285223207129421
562,0.8683369999999968,-8.0,110.0,8.398530654245084
563,0.859163999990642,32.0,70.0,8.665875202909408
564,0.8112799999935305,68.0,34.0,9.443756181497651
565,0.8059790000061184,59.0,43.0,9.245437296652506
566,5.79569500000332,50.0,52.0,9.133365678498185
567,1.8953920000086555,29.0,73.0,9.136358205657015
568,0.45815200000731693,41.0,61.0,8.945106890189747
569,0.5613540000126704,-1.0,103.0,8.961350295704761
570,0.4042970000028845,7.0,95.0,9.189955320447657
571,0.7172410000038099,-210.0,312.0,9.146641977189773
572,0.3225370000023986,-50.0,152.0,9.714423665973536
573,0.3188499999993155,18.0,84.0,9.701512639711614
574,0.5477100000064183,58.0,44.0,9.143930514400195
575,0.6793820000012829,66.0,36.0,9.49400108646899
576,0.4598210000068548,25.0,77.0,9.802980829291279
577,0.4311140000083924,-185.0,287.0,9.991716898106134
578,0.5387450000000626,49.0,53.0,10.1043897949577
579,1.0026519999968286,-39.0,141.0,9.723691238711226
580,0.7032300000133773,46.0,56.0,9.390619756206315
581,1.0360630000008086,-8.0,110.0,9.356596474674145
582,0.8426420000091639,73.0,29.0,9.00514424863158
583,1.4985339999924463,-36.0,138.0,9.243843961370239
584,0.6291349999969498,-371.0,473.0,9.120743246283476
585,0.43804799999236366,33.0,69.0,9.000215108499642
586,0.4543640000065352,31.0,71.0,8.702570704005183
587,0.6295579999999745,22.0,80.0,8.384202924884596
588,0.5382469999943851,-214.0,316.0,8.620354829843157
589,0.4660829999920679,34.0,68.0,8.609540691378422
590,0.4138649999987365,20.0,82.0,8.364662221088686
591,0.4710420000009208,31.0,71.0,8.26166761070464
592,0.5297430000013037,53.0,49.0,8.301372494253764
593,0.5047229999917136,-25.0,127.0,7.936605386527347
594,0.5347829999919895,-41.0,143.0,7.738070403885764
595,0.5807080000010956,65.0,37.0,7.55606863186645
596,0.4683389999939891,60.0,42.0,7.784692250987743
597,0.9631799999993973,-180.0,282.0,8.148481560705008
598,0.9581909999951677,-201.0,303.0,7.864471897218232
599,1.1276519999938728,57.0,45.0,8.5260110382203
600,1.3874329999907786,33.0,69.0,8.93341969999704
601,1.0667330000018183,-44.0,146.0,19.708711341041784
602,0.49359499999468426,67.0,35.0,19.871551920216227
603,0.4455790000008619,70.0,32.0,19.90196566031613
604,0.7837809999955425,-33.0,135.0,20.666794726444568
605,0.35384299999918767,-5.0,107.0,20.776855417246864
606,0.6047649999914029,-82.0,184.0,20.65946473437946
607,0.5486679999933131,54.0,48.0,20.497625330864622
608,0.30243199999802073,-60.0,162.0,20.712915071694777
609,0.3801820000006728,42.0,60.0,20.16319987574076
610,0.3337429999987762,23.0,79.0,20.090658112117097
611,0.4640540000053761,4.0,98.0,9.361837979925543
612,0.5336880000044175,71.0,31.0,9.057350467193725
613,0.7829359999931285,59.0,43.0,9.23486847490565
614,0.406735000012759,-27.0,129.0,8.654153740442677
615,0.8698449999968716,-762.0,864.0,8.835297601832787
616,2.2981469999905357,-68.0,170.0,8.80050277590792
617,0.5427950000012061,27.0,75.0,8.681200414525282
618,1.124829000005434,-5.0,107.0,8.676672299380588
619,0.6084489999977905,29.0,73.0,9.078910580811382
620,0.43802999999797976,63.0,39.0,8.862101416359804
621,0.2656449999989263,1.0,101.0,8.700970150281526
622,0.5163330000073074,54.0,48.0,8.469826153507356
623,0.4477949999994735,55.0,47.0,8.394796208392286
624,0.27433300000723193,-47.0,149.0,8.251468690567304
625,0.4090830000080814,8.0,94.0,8.214139738132562
626,0.5737840000108463,5.0,97.0,8.270310527323812
627,0.6136699999927941,47.0,55.0,8.136649794862155
628,0.3613580000063621,-1.0,103.0,8.08827662102895
629,0.4254609999918557,-71.0,173.0,7.7301961461352935
630,0.36930699999970784,59.0,43.0,8.292626604929003
631,0.3869850000057795,-53.0,155.0,8.71162731132815
632,0.5423249999978452,-57.0,159.0,8.859286451362724
633,3.779776000001789,29.0,73.0,8.604720101003148
634,2.3132219999979498,-18.0,120.0,8.643598334418973
635,0.5237879999953066,25.0,77.0,8.820245269036302
636,0.8249400000011065,-6.0,108.0,8.76944887715278
637,0.28862300000298546,64.0,38.0,8.803742681107156
638,0.4575979999970059,30.0,72.0,8.79908810850596
639,0.2744429999950171,34.0,68.0,8.477453022660086
640,0.6114720000027773,25.0,77.0,8.061856933737952
641,0.5465750000013259,-3.0,105.0,7.963595360851099
642,0.5549390000112453,23.0,79.0,8.203351203086806
643,0.39661099999932503,55.0,47.0,8.532799804120415
644,0.6324189999986629,38.0,64.0,8.628542052418059
645,0.33221699999330667,-1246.0,1348.0,8.746937197982357
646,2.2148089999944887,-155.0,257.0,8.755568104872285
647,0.803086999994207,55.0,47.0,9.345380414656402
648,0.7614789999905724,10.0,92.0,9.518888901074074
649,0.7087259999991602,-434.0,536.0,10.310649165537038
650,0.5868089999978565,51.0,51.0,10.43130547169664
651,0.47615299999392846,-42.0,144.0,10.245849503501157
652,1.9438089999965769,-39.0,141.0,10.282547221499497
653,0.6079650000003767,36.0,66.0,10.22850408537704
654,0.9515009999887525,47.0,55.0,10.169269270327735
655,0.8711759999897595,38.0,64.0,10.004995932318318
656,0.8420789999945555,-27.0,129.0,10.032629789592935
657,8.175625999996328,31.0,71.0,9.54615374587581
658,1.2726749999956155,-59.0,161.0,9.227427863692274
659,0.6499899999994341,24.0,78.0,8.730196232297876
660,0.6873270000085085,22.0,80.0,8.367591969015564
661,0.5003119999997807,-76.0,178.0,8.263228288629573
662,0.7200679999925796,-52.0,154.0,8.341228638394885
663,0.561013000009325,1.0,101.0,8.3330712067347
664,0.5317620000084844,35.0,67.0,8.306407704095726
665,0.4467969999950583,-61.0,163.0,8.449823979347645
666,0.956157999993934,-19.0,121.0,8.528372715546752
667,0.5827210000006744,13.0,89.0,8.367433864176325
668,0.7733209999969404,24.0,78.0,8.506807745583878
669,1.0251509999932296,-25.0,127.0,8.7524343377442
670,1.2374450000010029,5.0,97.0,8.631324724129575
671,0.6815630000005513,14.0,88.0,8.537545892564031
672,1.049291999990487,-90.0,192.0,8.183040182139216
673,1.0262139999923647,-98.0,200.0,8.028844887272271
674,0.7319290000111778,-120.0,222.0,8.18685838030444
675,0.4322260000009237,30.0,72.0,7.774746621674024
676,0.4052369999953953,47.0,55.0,7.611048323984607
677,0.34242299999220904,37.0,65.0,7.898745036313706
678,0.5456300000048486,39.0,63.0,8.06313473122307
679,0.6131720000013274,50.0,52.0,7.945507512744442
680,0.2729870000024448,-8.0,110.0,8.129303768618223
681,0.3472349999924518,69.0,33.0,8.03248858518867
682,0.35303199999248136,43.0,59.0,7.847763273134258
683,0.25176999999132477,73.0,29.0,7.782732593171735
684,0.6413139999921214,24.0,78.0,7.961684333112558
685,0.4121079999919175,23.0,79.0,8.301971268963264
686,0.38854499999274594,63.0,39.0,7.955353335476396
687,0.5595290000002251,-97.0,199.0,7.930829185836529
688,0.9428110000015977,40.0,62.0,7.911116963178358
689,0.9287489999962872,50.0,52.0,7.785865940083712
690,1.6009950000039908,-76.0,178.0,7.824251936493515
691,1.3233809999917412,66.0,36.0,8.063364041570068
692,1.3063900000105377,-31.0,133.0,9.08538575552729
693,0.5132950000046321,-435.0,537.0,9.876071037347998
694,0.49855500000717257,66.0,36.0,9.75954069332804
695,0.9009719999966137,-134.0,236.0,9.8805436246793
696,1.3231289999993123,-89.0,191.0,10.65791598582257
697,0.48754799999528586,22.0,80.0,10.704490903156204
698,0.4576979999910691,57.0,45.0,11.797691038979337
699,0.6897199999968961,15.0,87.0,11.897021530529667
700,0.43310200000235,39.0,63.0,11.745277787287968
701,0.41632899998944595,54.0,48.0,12.0059496507233
702,0.30770700000459783,25.0,77.0,11.514487584003078
703,0.3783290000001216,-26.0,128.0,10.840120078471593
704,0.5926439999939248,-143.0,245.0,11.139791744020517
705,0.5101339999953325,53.0,49.0,10.625822416296746
706,0.8652359999956616,-146.0,248.0,10.232706209736374
707,0.9401820000078942,-129.0,231.0,10.630679966036778
708,1.413843999998221,-26.0,128.0,9.544305900729487
709,1.6449510000029477,-36.0,138.0,9.68250733459963
710,1.042843000007565,-123.0,225.0,10.436149004954883
711,0.5211779999996224,-818.0,920.0,10.398913035848327
712,0.4053640000023506,58.0,44.0,10.56066434236008
713,0.8502689999971835,-212.0,314.0,10.598150141559582
714,0.5297999999953618,16.0,86.0,10.546316632213227
715,0.4286469999925657,-6352.0,6454.0,11.04352700045492
716,0.731924999996636,-120.0,222.0,11.405626140599173
717,0.44071599999995215,-38.0,140.0,11.197626862308393
718,0.6193239999987554,1.0,101.0,11.022408128539405
719,0.35670600000514696,34.0,68.0,10.810373730256249
720,0.36830899999529265,-14.0,116.0,10.200592669787383
721,2.0637900000082254,51.0,51.0,10.373140401880399
722,7.094361000000049,64.0,38.0,10.175598783883672
723,1.3075549999967961,43.0,59.0,10.4249398959516
724,2.4500039999963974,52.0,50.0,10.720879082738165
725,0.5540020000012191,56.0,46.0,10.476415093472108
726,1.0548380000017232,-490.0,592.0,10.266567524991313
727,7.925028000002499,33.0,69.0,10.366210039451722
728,0.5663370000092982,43.0,59.0,10.72358816705395
729,0.40663200000778943,10.0,92.0,11.44416695417467
730,0.6476859999935414,-7.0,109.0,11.422721323486504
731,0.7988970000099016,-54.0,156.0,11.397397363800982
732,12.984146000007968,8.0,94.0,11.476661684413878
733,0.41212300000381674,48.0,54.0,10.990043522675112
734,0.40293399999313806,-6.0,108.0,10.168076991959499
735,0.38574500000265743,-979.0,1081.0,10.596989844326444
736,0.8204150000068466,-338.0,440.0,10.325378093848807
737,1.4139970000002222,62.0,40.0,10.040694591462918
738,1.7318510000023934,43.0,59.0,9.51113306038558
739,1.4228289999920207,45.0,57.0,8.850459134907647
740,2.532729999998651,-3.0,105.0,8.745479873032918
741,0.4379099999880509,14.0,88.0,8.202206273898977
742,1.1392560000018648,41.0,61.0,8.129355904381487
743,0.7797170000003462,-58.0,160.0,8.36161428696379
744,0.9850890000109302,27.0,75.0,8.684356011984265
745,0.5948669999895628,10.0,92.0,9.397675565940139
746,1.0622279999950024,52.0,50.0,9.693787729083928
747,0.7135869999927991,53.0,49.0,9.50674240491033
748,2.310097999995264,65.0,37.0,9.801460370331029
749,0.671928999992133,4.0,98.0,10.001138295131684
750,1.4028120000091349,69.0,33.0,10.250666651359083
751,0.816518999997129,57.0,45.0,10.757211315752226
752,0.6792339999890373,16.0,86.0,10.641573752775148
753,0.5775829999947746,-165.0,267.0,10.492146781585264
754,1.5163900000061403,49.0,53.0,10.509182635436478
755,0.4107970000006844,65.0,37.0,9.307795516810675
756,0.5067339999982323,42.0,60.0,9.123689666466783
757,0.35487000000955504,-63.0,165.0,9.120850232289209
758,0.6313140000031581,-54.0,156.0,9.281553140984503
759,0.6080010000033553,34.0,68.0,9.206690986136303
760,0.5667650000020785,36.0,66.0,9.066925992942057
761,0.42148600000757597,44.0,58.0,9.034466012914875
762,0.4111099999875023,45.0,57.0,9.273234615942444
763,0.8354800000063278,14.0,88.0,9.513709064468525
764,1.0614099999912696,56.0,46.0,9.454833689674187
765,0.6560540000037918,45.0,57.0,9.746972188188353
766,1.5920139999963112,7.0,95.0,9.725652351606135
767,1.6154949999958035,3.0,99.0,9.662718240364343
768,0.495325000002822,-38.0,140.0,9.412835760765628
769,0.834487000005879,-172.0,274.0,9.534698008813315
770,0.42810200000076293,34.0,68.0,9.845577721567347
771,0.48226100000192673,30.0,72.0,9.475579711462506
772,0.9430070000036039,-165.0,267.0,9.027738908178657
773,0.4498079999990523,68.0,34.0,8.988001159436482
774,0.3706290000025092,37.0,65.0,8.67678735529875
775,0.4357440000006818,-46.0,148.0,8.042004229658193
776,0.4347839999923053,-154.0,256.0,8.013146188912968
777,0.6537999999949307,45.0,57.0,8.016765526007832
778,0.40343499999551113,30.0,72.0,7.797000433564653
779,0.5382639999993444,68.0,34.0,7.940430389395521
780,0.4248990000093045,59.0,43.0,7.594278665260212
781,0.44132099999671937,69.0,33.0,7.459437928469508
782,1.1784650000095098,47.0,55.0,8.051324502730267
783,0.9360789999988128,61.0,41.0,8.02143790436579
784,0.7871720000025562,14.0,88.0,8.135287566394677
785,1.9834099999940236,66.0,36.0,8.236982982743351
786,1.1360120000034613,-58.0,160.0,8.3045837679897
787,0.3331580000036638,70.0,32.0,8.306817298268301
788,0.4762439999979051,3.0,99.0,8.420778447001497
789,0.4303690000000415,-269.0,371.0,7.939912972758931
790,0.4773499999970454,-510.0,612.0,8.142211497177271
791,0.477563000004011,18.0,84.0,8.9838301077511
792,0.3655199999883507,-8.0,110.0,8.626749431955808
793,0.4664320000102862,6.0,96.0,8.624885582000825
794,0.5948589999889009,31.0,71.0,8.697641921218581
795,0.4854689999973516,-25.0,127.0,8.971259063946041
796,0.5429120000002285,-159.0,261.0,8.97354463497065
797,0.5211510000009412,-158.0,260.0,9.362282445914655
798,0.5674319999968702,-68.0,170.0,9.407595453967838
799,0.5430030000042052,31.0,71.0,9.420099012074955
800,0.46264700000619996,2.0,100.0,10.253864053182648
801,1.2850759999878392,-8.0,110.0,9.625970020078709
802,0.6429800000091745,-27.0,129.0,9.890247873670276
803,1.319120000005114,15.0,87.0,10.55068976326937
804,1.2243190000020832,-1.0,103.0,10.668137388948438
805,0.775177000008398,-19.0,121.0,10.766538061923757
806,0.4406350000039083,0.0,102.0,10.83936631366536
807,0.42545600000210015,-18.0,120.0,10.4558538132868
808,0.5613070000123344,5.0,97.0,10.800880450171109
809,0.49531700000216006,-2.0,104.0,11.10037662554285
810,0.35412200000450866,59.0,43.0,10.821085963505185
811,0.33390400000143927,8.0,94.0,11.063975320417807
812,0.34541899999851466,46.0,56.0,10.369184338513204
813,0.45872500000143646,-25.0,127.0,9.572584947047247
814,0.612368999995283,54.0,48.0,9.327652550008152
815,0.4570309999962774,48.0,54.0,9.258428742305316
816,0.3789229999995314,3.0,99.0,8.968563101341282
817,0.3828680000026452,-5.0,107.0,9.023939595340558
818,0.4038100000087752,-32.0,134.0,8.693747541032664
819,0.28688300000112577,-45.0,147.0,8.52446316305271
820,0.4652220000025409,17.0,85.0,7.964714293365842
821,0.5678870000025427,-1.0,103.0,7.757404871740294
822,0.9495200000060322,0.0,102.0,7.947085036594045
823,0.6947139999908813,23.0,79.0,8.225013548566002
824,1.8617249999977048,-589.0,691.0,8.784009014474588
825,0.42105699999694934,-2.0,104.0,8.731711623481377
826,0.283783000000426,-604.0,706.0,8.878760781023944
827,0.4114380000004303,70.0,32.0,9.246048631695869
828,0.4113470000106645,2.0,100.0,9.569312778744482
829,0.4006249999974898,25.0,77.0,9.496297118961557
830,0.5173769999942124,3.0,99.0,9.624405424376878
831,0.4440639999927498,14.0,88.0,9.641798364796553
832,0.32819599999811544,21.0,81.0,9.612236613795098
833,0.5052549999930989,59.0,43.0,9.52158833685414
834,0.34304299998666465,-25.0,127.0,9.034466095941493
835,0.2735669999935908,63.0,39.0,9.36602156622592
836,0.5411380000026611,29.0,73.0,9.578023465371011
837,0.4080270000059727,34.0,68.0,9.349841130501684
838,0.476755000008211,0.0,102.0,8.682337051034889
839,1.0535830000009128,21.0,81.0,8.559257047588916
840,9.516950999994833,30.0,72.0,8.228244624039162
841,0.7404750000006288,-2.0,104.0,8.215772642812937
842,1.2974729999939427,-24.0,126.0,8.610887899978332
843,0.8666579999925261,-12.0,114.0,9.078607661577994
844,1.259228000009216,-47.0,149.0,9.078366428105298
845,28.865202000005752,20.0,82.0,8.573559370365647
846,1.8558350000006385,-90.0,192.0,8.267772728503015
847,0.7198170000037862,47.0,55.0,8.202704717220072
848,12.350171999997883,-25.0,127.0,8.423033119236486
849,1.7251329999936615,-12.0,114.0,8.906951197148569
850,1.0343499999976302,-120.0,222.0,8.964076475940029
851,1.310128000000077,21.0,81.0,9.157509159659968
852,7.5046369999967055,-1.0,103.0,8.554386746919695
853,0.3463119999906894,-68.0,170.0,7.944043635965144
854,0.8582570000044143,-155.0,257.0,8.312958263853176
855,1.7688660000061418,39.0,63.0,8.48669348499031
856,1.4454300000039666,77.0,25.0,8.681589960810514
857,0.3995969999976978,67.0,35.0,8.694373469578569
858,0.5985920000028955,25.0,77.0,8.861972980505957
859,1.2818609999953878,45.0,57.0,8.862693466047904
860,6.314535000001342,40.0,62.0,9.171542231342281
861,0.6014080000085187,73.0,29.0,9.261899889549472
862,5.165046999991318,-1379.0,1481.0,9.910911099684585
863,2.3105020000002696,62.0,40.0,10.336574436720175
864,8.492309000004639,3.0,99.0,10.242168657477368
865,1.00716000000034,60.0,42.0,10.008282093501446
866,0.6578229999973928,35.0,67.0,10.142514421948448
867,0.5384879999894565,71.0,31.0,10.535852252839515
868,1.0791099999920561,-39.0,141.0,11.062607800814495
869,1.3093609999970113,-54.0,156.0,11.128771691186767
870,4.17023400000005,6.0,96.0,11.10470278749035
871,0.6974490000004607,-499.0,601.0,11.241501872498034
872,2.6508039999981747,-218.0,320.0,10.695974204537468
873,0.8765030000006391,34.0,68.0,10.204641483621842
874,0.6490100000036136,-115.0,217.0,9.883522622134743
875,0.7602959999957193,-277.0,379.0,10.314205778639392
876,1.1782729999936237,23.0,79.0,10.560514720579123
877,1.585886000000869,22.0,80.0,10.610147124360301
878,7.659278000005543,47.0,55.0,10.310828745124388
879,1.8619510000092987,-49.0,151.0,10.309420518629159
880,0.9281490000034864,-7.0,109.0,10.675839298377284
881,0.6868819999965581,42.0,60.0,10.424749090179287
882,1.3163419999955295,-13.0,115.0,10.627195297810106
883,1.7412580000097932,-17.0,119.0,11.135430079819411
884,0.6638949999882016,17.0,85.0,11.310734419612828
885,5.565384000007612,-208.0,310.0,10.931349488136814
886,1.1474060000011832,63.0,39.0,10.294507523934653
887,0.6447499999922002,50.0,52.0,10.10588401921162
888,0.6211729999989757,9.0,93.0,10.046584168290059
889,0.9393889999955718,55.0,47.0,9.731669650128648
890,0.5972280000037244,27.0,75.0,9.352966171175023
891,2.792512000013403,-6.0,108.0,9.282925035521748
892,0.39420999999606465,54.0,48.0,9.184997363245062
893,1.5389670000018896,-123.0,225.0,8.905199876521774
894,0.6244080000072927,15.0,87.0,8.759532876335657
895,0.40979100000981816,-3.0,105.0,9.126894194716877
896,0.5764749999883634,-47.0,149.0,9.310972772956287
897,0.8715050000063229,-68.0,170.0,9.104255075767842
898,0.8160489999937681,-37.0,139.0,9.00272050289869
899,0.5184240000062346,-689.0,791.0,9.253029434046791
900,0.964743000011481,-51.0,153.0,9.115647890073173
901,0.576284999993959,-62.0,164.0,9.342500079922871
902,0.48100300000442076,55.0,47.0,9.99305246852202
903,0.9952679999969405,42.0,60.0,10.343042298646875
904,1.4359940000048255,6.0,96.0,10.879120612218408
905,0.8533740000018497,42.0,60.0,11.024941426076747
906,1.353519999995001,-79.0,181.0,11.074440228131179
907,0.7353949999924225,51.0,51.0,11.074297036970176
908,0.961219000004121,64.0,38.0,11.03459117705241
909,2.168472000008137,-621.0,723.0,11.035796199698044
910,1.0222639999994954,-164.0,266.0,10.99247322422178
911,0.8489940000089291,-69.0,171.0,10.598480020612342
912,0.6328009999947426,18.0,84.0,9.944098674308751
913,0.48538299999734136,20.0,82.0,9.394528113281194
914,0.509568999987664,8.0,94.0,8.978583568962405
915,1.0033460000045125,28.0,74.0,8.704936663810244
916,0.8023750000063501,56.0,46.0,8.539689904232796
917,0.8185890000049767,59.0,43.0,9.082865134220905
918,0.6026870000113149,54.0,48.0,9.322260072149948
919,0.6671820000008211,72.0,30.0,9.35189651686959
920,1.1502330000041638,11.0,91.0,11.262535348613284
921,1.287491999988788,65.0,37.0,11.328868113101223
922,1.250589999997942,-136.0,238.0,11.412627502118866
923,1.5426129999980276,66.0,36.0,11.94359956584606
924,0.6311599999975215,47.0,55.0,11.95302484067991
925,0.6122080000068308,43.0,59.0,11.858721803301105
926,1.3448329999903308,-82.0,184.0,12.11048607708195
927,1.9120639999954392,24.0,78.0,11.42343812513223
928,0.7360890000001064,19.0,83.0,11.16695528268596
929,0.6789290000028814,42.0,60.0,10.953971174488577
930,0.526815999990049,51.0,51.0,8.673625578064234
931,0.8166880000004539,21.0,81.0,8.878592792243117
932,0.7724519999925406,66.0,36.0,8.866754384549774
933,0.5874710000028927,41.0,61.0,8.233219087434646
934,0.5913369999888118,59.0,43.0,8.415768740858388
935,2.055523999999309,10.0,92.0,9.066775472255884
936,1.1897259999926746,57.0,45.0,8.793084371444966
937,1.2701810000095293,41.0,61.0,8.614800564489878
938,0.5708320000081812,-299.0,401.0,8.390844237718419
939,1.5522159999932228,-33.0,135.0,8.27440073860662
940,1.2142690000018774,-32.0,134.0,8.66885017240111
941,1.2948399999999083,-123.0,225.0,8.33315819108755
942,0.9703440000095043,1.0,101.0,12.442159721353487
943,0.9540639999983114,-902.0,1004.0,12.912620805243478
944,0.803491999988637,-31.0,133.0,12.4731971485351
945,1.302177999988885,-15.0,117.0,11.733784929615302
946,1.5553260000018554,-41.0,143.0,12.156211293616485
947,0.6521870000000263,-8.0,110.0,12.488074472544422
948,0.8444329999974798,10.0,92.0,13.007385418349639
949,1.1557039999985363,-376.0,478.0,13.374184584462677
950,0.9820749999960299,22.0,80.0,13.403355234918564
951,0.9184019999963766,-124.0,226.0,14.18102983617724
952,0.582540999999992,-148.0,250.0,9.970575391030673
953,0.7761950000002571,41.0,61.0,9.653615147196348
954,0.9454220000009173,-234.0,336.0,9.666074972290804
955,0.9510900000009315,-32.0,134.0,9.614176518826893
956,0.9616589999978942,19.0,83.0,9.344272209454425
957,1.217337999989354,0.0,102.0,9.289671436473885
958,0.6238659999979745,13.0,89.0,9.135305195225483
959,0.5466839999996864,58.0,44.0,8.515386839570935
960,0.6720519999987573,21.0,81.0,8.440312908240372
961,0.86159500000349,3.0,99.0,8.14232060739754
962,1.139229999992608,25.0,77.0,8.731112480403448
963,0.6166430000007495,-67.0,169.0,9.048196067401415
964,1.1765579999973852,-1197.0,1299.0,9.532290103675388
965,1.0265420000052927,-280.0,382.0,9.880631447129087
966,0.8822509999930617,-28.0,130.0,10.21845353700464
967,1.072407999998859,-40.0,142.0,10.294617824725993
968,1.7077279999995199,25.0,77.0,10.893159466655916
969,3.8924950000023273,-110.0,212.0,11.408529325756728
970,0.9846700000082365,20.0,82.0,11.564429067829774
971,0.6423909999995203,-84.0,186.0,10.969277238435003
972,1.2970800000005056,3.0,99.0,10.585982981320239
973,0.8112229999994724,11.0,91.0,10.072533871789219
974,1.942185000004315,-101.0,203.0,10.313991017360822
975,0.9480899999942949,-192.0,294.0,9.821295783507512
976,0.6950709999955507,55.0,47.0,9.572125846168273
977,0.8917560000014646,40.0,62.0,9.461258937134225
978,0.9832700000060868,20.0,82.0,8.6580069973817
979,1.1446740000025102,63.0,39.0,8.559957643111977
980,1.5780000000091832,-189.0,291.0,8.560637415846747
981,1.0217970000070409,20.0,82.0,9.012611757486763
982,0.9931969999996682,-44.0,146.0,9.396135480103451
983,0.9411959999994224,-23.0,125.0,9.827037659288152
984,0.47356399998932375,37.0,65.0,9.240935913370071
985,0.7793709999930343,61.0,41.0,9.345492333737166
986,0.6158620000036308,-51.0,153.0,9.092802491613075
987,0.7661520000112887,56.0,46.0,9.131092296961672
988,1.0658540000036965,-37.0,139.0,8.920052551121058
989,1.7415249999999105,21.0,81.0,8.649452210014166
990,0.7285790000111092,55.0,47.0,8.620869497162738
991,2.4951210000097035,31.0,71.0,8.49590373895347
992,1.107232000009617,14.0,88.0,7.862460487301616
993,0.8793009999976675,-27.0,129.0,7.7715972539707465
994,1.0830229999925223,31.0,71.0,7.780382816143503
995,0.6751199999968094,-38.0,140.0,8.057664737106776
996,1.2213959999911594,-19.0,121.0,8.284161065431771
997,0.6206719999966026,61.0,41.0,8.20030830800949
998,1.0558399999922585,55.0,47.0,8.826464472204483
999,0.33355200000073637,32.0,70.0,9.28229036385699
1000,0.49370400000725567,-102.0,204.0,9.370964744609187
